商品名,価格,評価(星),在庫
A Light in the Attic,51.77,3,在庫あり
Tipping the Velvet,53.74,1,在庫あり
Soumission,50.10,1,在庫あり
Sharp Objects,47.82,4,在庫あり
Sapiens: A Brief History of Humankind,54.23,5,在庫あり
The Requiem Red,22.65,1,在庫あり
The Dirty Little Secrets of Getting Your Dream Job,33.34,4,在庫あり
"The Coming Woman: A Novel Based on the Life of the Infamous Feminist, Victoria Woodhull",17.93,3,在庫あり
The Boys in the Boat: Nine Americans and Their Epic Quest for Gold at the 1936 Berlin Olympics,22.60,4,在庫あり
The Black Maria,52.15,1,在庫あり
"Starving Hearts (Triangular Trade Trilogy, #1)",13.99,2,在庫あり
Shakespeare's Sonnets,20.66,4,在庫あり
Set Me Free,17.46,5,在庫あり
Scott Pilgrim's Precious Little Life (Scott Pilgrim #1),52.29,5,在庫あり
Rip it Up and Start Again,35.02,5,在庫あり
"Our Band Could Be Your Life: Scenes from the American Indie Underground, 1981-1991",57.25,3,在庫あり
Olio,23.88,1,在庫あり
Mesaerion: The Best Science Fiction Stories 1800-1849,37.59,1,在庫あり
Libertarianism for Beginners,51.33,2,在庫あり
It's Only the Himalayas,45.17,2,在庫あり
In Her Wake,12.84,1,在庫あり
How Music Works,37.32,2,在庫あり
"Foolproof Preserving: A Guide to Small Batch Jams, Jellies, Pickles, Condiments, and More: A Foolproof Guide to Making Small Batch Jams, Jellies, Pickles, Condiments, and More",30.52,3,在庫あり
Chase Me (Paris Nights #2),25.27,5,在庫あり
Black Dust,34.53,5,在庫あり
Birdsong: A Story in Pictures,54.64,3,在庫あり
America's Cradle of Quarterbacks: Western Pennsylvania's Football Factory from Johnny Unitas to Joe Montana,22.50,3,在庫あり
Aladdin and His Wonderful Lamp,53.13,3,在庫あり
Worlds Elsewhere: Journeys Around Shakespeare’s Globe,40.30,5,在庫あり
Wall and Piece,44.18,4,在庫あり
The Four Agreements: A Practical Guide to Personal Freedom,17.66,5,在庫あり
The Five Love Languages: How to Express Heartfelt Commitment to Your Mate,31.05,3,在庫あり
The Elephant Tree,23.82,5,在庫あり
The Bear and the Piano,36.89,1,在庫あり
Sophie's World,15.94,5,在庫あり
Penny Maybe,33.29,3,在庫あり
Maude (1883-1993):She Grew Up with the country,18.02,2,在庫あり
"In a Dark, Dark Wood",19.63,1,在庫あり
Behind Closed Doors,52.22,4,在庫あり
You can't bury them all: Poems,33.63,2,在庫あり
Slow States of Collapse: Poems,57.31,3,在庫あり
Reasons to Stay Alive,26.41,2,在庫あり
Private Paris (Private #10),47.61,5,在庫あり
#HigherSelfie: Wake Up Your Life. Free Your Soul. Find Your Tribe.,23.11,5,在庫あり
Without Borders (Wanderlove #1),45.07,2,在庫あり
When We Collided,31.77,1,在庫あり
"We Love You, Charlie Freeman",50.27,5,在庫あり
Untitled Collection: Sabbath Poems 2014,14.27,4,在庫あり
"Unseen City: The Majesty of Pigeons, the Discreet Charm of Snails & Other Wonders of the Urban Wilderness",44.18,4,在庫あり
Unicorn Tracks,18.78,3,在庫あり
"Unbound: How Eight Technologies Made Us Human, Transformed Society, and Brought Our World to the Brink",25.52,1,在庫あり
Tsubasa: WoRLD CHRoNiCLE 2 (Tsubasa WoRLD CHRoNiCLE #2),16.28,1,在庫あり
Throwing Rocks at the Google Bus: How Growth Became the Enemy of Prosperity,31.12,3,在庫あり
This One Summer,19.49,4,在庫あり
Thirst,17.27,5,在庫あり
The Torch Is Passed: A Harding Family Story,19.09,1,在庫あり
The Secret of Dreadwillow Carse,56.13,1,在庫あり
"The Pioneer Woman Cooks: Dinnertime: Comfort Classics, Freezer Food, 16-Minute Meals, and Other Delicious Ways to Solve Supper!",56.41,1,在庫あり
The Past Never Ends,56.50,4,在庫あり
The Natural History of Us (The Fine Art of Pretending #2),45.22,3,在庫あり
